[{"pk": 1, "model": "contenttypes.contenttype", "fields": {"model": "permission", "name": "permission", "app_label": "auth"}}, {"pk": 2, "model": "contenttypes.contenttype", "fields": {"model": "group", "name": "group", "app_label": "auth"}}, {"pk": 3, "model": "contenttypes.contenttype", "fields": {"model": "user", "name": "user", "app_label": "auth"}}, {"pk": 4, "model": "contenttypes.contenttype", "fields": {"model": "contenttype", "name": "content type", "app_label": "contenttypes"}}, {"pk": 5, "model": "contenttypes.contenttype", "fields": {"model": "session", "name": "session", "app_label": "sessions"}}, {"pk": 6, "model": "contenttypes.contenttype", "fields": {"model": "site", "name": "site", "app_label": "sites"}}, {"pk": 7, "model": "contenttypes.contenttype", "fields": {"model": "department", "name": "department", "app_label": "classes"}}, {"pk": 8, "model": "contenttypes.contenttype", "fields": {"model": "course", "name": "course", "app_label": "classes"}}, {"pk": 9, "model": "contenttypes.contenttype", "fields": {"model": "room", "name": "room", "app_label": "classes"}}, {"pk": 10, "model": "contenttypes.contenttype", "fields": {"model": "user", "name": "user", "app_label": "classes"}}, {"pk": 11, "model": "contenttypes.contenttype", "fields": {"model": "instructor", "name": "instructor", "app_label": "classes"}}, {"pk": 12, "model": "contenttypes.contenttype", "fields": {"model": "chair", "name": "chair", "app_label": "classes"}}, {"pk": 13, "model": "contenttypes.contenttype", "fields": {"model": "undergradadminassistant", "name": "undergrad admin assistant", "app_label": "classes"}}, {"pk": 14, "model": "contenttypes.contenttype", "fields": {"model": "courseschedule", "name": "course schedule", "app_label": "classes"}}, {"pk": 1, "model": "sites.site", "fields": {"domain": "example.com", "name": "example.com"}}, {"pk": 1, "model": "classes.department", "fields": {"name": "Default Department", "numberOfLecturers": 0}}, {"pk": 1, "model": "classes.course", "fields": {"department": 1, "code": "ACMA01H3F", "name": "Default Name", "enrolment": 0}}, {"pk": 2, "model": "classes.course", "fields": {"department": 1, "code": "ACMA01H3S", "name": "Default Name", "enrolment": 0}}, {"pk": 3, "model": "classes.course", "fields": {"department": 1, "code": "ACMA02H3S", "name": "Default Name", "enrolment": 0}}, {"pk": 4, "model": "classes.course", "fields": {"department": 1, "code": "ACTB40H3F", "name": "Default Name", "enrolment": 0}}, {"pk": 5, "model": "classes.course", "fields": {"department": 1, "code": "AFSA01H3F", "name": "Default Name", "enrolment": 0}}, {"pk": 6, "model": "classes.course", "fields": {"department": 1, "code": "AFSA03H3S", "name": "Default Name", "enrolment": 0}}, {"pk": 7, "model": "classes.course", "fields": {"department": 1, "code": "AFSB01H3S", "name": "Default Name", "enrolment": 0}}, {"pk": 8, "model": "classes.course", "fields": {"department": 1, "code": "AFSB51H3S", "name": "Default Name", "enrolment": 0}}, {"pk": 9, "model": "classes.course", "fields": {"department": 1, "code": "AFSC30H3F", "name": "Default Name", "enrolment": 0}}, {"pk": 10, "model": "classes.course", "fields": {"department": 1, "code": "ANTA01H3F", "name": "Default Name", "enrolment": 0}}, {"pk": 11, "model": "classes.course", "fields": {"department": 1, "code": "ANTA01H3S", "name": "Default Name", "enrolment": 0}}, {"pk": 12, "model": "classes.course", "fields": {"department": 1, "code": "ANTA02H3F", "name": "Default Name", "enrolment": 0}}, {"pk": 13, "model": "classes.course", "fields": {"department": 1, "code": "ANTA02H3S", "name": "Default Name", "enrolment": 0}}, {"pk": 14, "model": "classes.course", "fields": {"department": 1, "code": "ANTB01H3F", "name": "Default Name", "enrolment": 0}}, {"pk": 15, "model": "classes.course", "fields": {"department": 1, "code": "ANTB05H3F", "name": "Default Name", "enrolment": 0}}, {"pk": 16, "model": "classes.course", "fields": {"department": 1, "code": "ANTB14H3F", "name": "Default Name", "enrolment": 0}}, {"pk": 17, "model": "classes.course", "fields": {"department": 1, "code": "ANTB15H3F", "name": "Default Name", "enrolment": 0}}, {"pk": 18, "model": "classes.course", "fields": {"department": 1, "code": "ANTB16H3S", "name": "Default Name", "enrolment": 0}}, {"pk": 19, "model": "classes.course", "fields": {"department": 1, "code": "ANTB19H3F", "name": "Default Name", "enrolment": 0}}, {"pk": 20, "model": "classes.course", "fields": {"department": 1, "code": "ANTB20H3S", "name": "Default Name", "enrolment": 0}}, {"pk": 1, "model": "classes.room", "fields": {"code": "AA112", "capacity": 0}}, {"pk": 2, "model": "classes.room", "fields": {"code": "HW308", "capacity": 0}}, {"pk": 3, "model": "classes.room", "fields": {"code": "BV355", "capacity": 0}}, {"pk": 4, "model": "classes.room", "fields": {"code": "AA208", "capacity": 0}}, {"pk": 5, "model": "classes.room", "fields": {"code": "AA206", "capacity": 0}}, {"pk": 6, "model": "classes.room", "fields": {"code": "MW140", "capacity": 0}}, {"pk": 7, "model": "classes.room", "fields": {"code": "HW214", "capacity": 0}}, {"pk": 8, "model": "classes.room", "fields": {"code": "MW110", "capacity": 0}}, {"pk": 9, "model": "classes.room", "fields": {"code": "PO101", "capacity": 0}}, {"pk": 10, "model": "classes.room", "fields": {"code": "AA209", "capacity": 0}}, {"pk": 11, "model": "classes.room", "fields": {"code": "AA204", "capacity": 0}}, {"pk": 12, "model": "classes.room", "fields": {"code": "BV264", "capacity": 0}}, {"pk": 13, "model": "classes.room", "fields": {"code": "IC220", "capacity": 0}}, {"pk": 14, "model": "classes.room", "fields": {"code": "SW128", "capacity": 0}}, {"pk": 15, "model": "classes.room", "fields": {"code": "BV260", "capacity": 0}}, {"pk": 16, "model": "classes.room", "fields": {"code": "SW309", "capacity": 0}}, {"pk": 17, "model": "classes.room", "fields": {"code": "AA205", "capacity": 0}}, {"pk": 18, "model": "classes.room", "fields": {"code": "IC326", "capacity": 0}}, {"pk": 19, "model": "classes.room", "fields": {"code": "SY110", "capacity": 0}}, {"pk": 20, "model": "classes.room", "fields": {"code": "AC223", "capacity": 0}}, {"pk": 21, "model": "classes.room", "fields": {"code": "MW329", "capacity": 0}}, {"pk": 22, "model": "classes.room", "fields": {"code": "HW216", "capacity": 0}}, {"pk": 23, "model": "classes.room", "fields": {"code": "HW215", "capacity": 0}}, {"pk": 24, "model": "classes.room", "fields": {"code": "HW402", "capacity": 0}}, {"pk": 25, "model": "classes.room", "fields": {"code": "BV363", "capacity": 0}}, {"pk": 26, "model": "classes.room", "fields": {"code": "BV361", "capacity": 0}}, {"pk": 27, "model": "classes.room", "fields": {"code": "MW120", "capacity": 0}}, {"pk": 28, "model": "classes.room", "fields": {"code": "MW170", "capacity": 0}}, {"pk": 1, "model": "classes.courseschedule", "fields": {"dayOfWeek": "TH", "typeOfSession": "LEC01", "room": 1, "course": 1, "startTime": "09:00:00", "endTime": "10:00:00"}}, {"pk": 2, "model": "classes.courseschedule", "fields": {"dayOfWeek": "TH", "typeOfSession": "TUT0001", "room": 2, "course": 1, "startTime": "11:00:00", "endTime": "13:00:00"}}, {"pk": 3, "model": "classes.courseschedule", "fields": {"dayOfWeek": "TH", "typeOfSession": "TUT0002", "room": 3, "course": 1, "startTime": "12:00:00", "endTime": "14:00:00"}}, {"pk": 4, "model": "classes.courseschedule", "fields": {"dayOfWeek": "TH", "typeOfSession": "TUT0003", "room": 4, "course": 1, "startTime": "13:00:00", "endTime": "15:00:00"}}, {"pk": 5, "model": "classes.courseschedule", "fields": {"dayOfWeek": "TH", "typeOfSession": "TUT0004", "room": 5, "course": 1, "startTime": "14:00:00", "endTime": "16:00:00"}}, {"pk": 6, "model": "classes.courseschedule", "fields": {"dayOfWeek": "TH", "typeOfSession": "TUT0006", "room": 6, "course": 1, "startTime": "17:00:00", "endTime": "19:00:00"}}, {"pk": 7, "model": "classes.courseschedule", "fields": {"dayOfWeek": "TH", "typeOfSession": "LEC01", "room": 1, "course": 2, "startTime": "09:00:00", "endTime": "10:00:00"}}, {"pk": 8, "model": "classes.courseschedule", "fields": {"dayOfWeek": "TH", "typeOfSession": "TUT0001", "room": 7, "course": 2, "startTime": "10:00:00", "endTime": "12:00:00"}}, {"pk": 9, "model": "classes.courseschedule", "fields": {"dayOfWeek": "TH", "typeOfSession": "TUT0002", "room": 8, "course": 2, "startTime": "10:00:00", "endTime": "12:00:00"}}, {"pk": 10, "model": "classes.courseschedule", "fields": {"dayOfWeek": "TH", "typeOfSession": "TUT0003", "room": 9, "course": 2, "startTime": "11:00:00", "endTime": "13:00:00"}}, {"pk": 11, "model": "classes.courseschedule", "fields": {"dayOfWeek": "TH", "typeOfSession": "TUT0004", "room": 8, "course": 2, "startTime": "15:00:00", "endTime": "17:00:00"}}, {"pk": 12, "model": "classes.courseschedule", "fields": {"dayOfWeek": "TH", "typeOfSession": "TUT0006", "room": 10, "course": 2, "startTime": "11:00:00", "endTime": "13:00:00"}}, {"pk": 13, "model": "classes.courseschedule", "fields": {"dayOfWeek": "WE", "typeOfSession": "LEC01", "room": 1, "course": 3, "startTime": "12:00:00", "endTime": "13:00:00"}}, {"pk": 14, "model": "classes.courseschedule", "fields": {"dayOfWeek": "WE", "typeOfSession": "TUT0001", "room": 9, "course": 3, "startTime": "13:00:00", "endTime": "15:00:00"}}, {"pk": 15, "model": "classes.courseschedule", "fields": {"dayOfWeek": "WE", "typeOfSession": "TUT0002", "room": 11, "course": 3, "startTime": "15:00:00", "endTime": "17:00:00"}}, {"pk": 16, "model": "classes.courseschedule", "fields": {"dayOfWeek": "WE", "typeOfSession": "LEC01", "room": 12, "course": 4, "startTime": "10:00:00", "endTime": "11:00:00"}}, {"pk": 17, "model": "classes.courseschedule", "fields": {"dayOfWeek": "FR", "typeOfSession": "LEC01", "room": 13, "course": 4, "startTime": "09:00:00", "endTime": "11:00:00"}}, {"pk": 18, "model": "classes.courseschedule", "fields": {"dayOfWeek": "TU", "typeOfSession": "TUT0001", "room": 7, "course": 4, "startTime": "15:00:00", "endTime": "16:00:00"}}, {"pk": 19, "model": "classes.courseschedule", "fields": {"dayOfWeek": "TU", "typeOfSession": "LEC01", "room": 14, "course": 5, "startTime": "09:00:00", "endTime": "11:00:00"}}, {"pk": 20, "model": "classes.courseschedule", "fields": {"dayOfWeek": "FR", "typeOfSession": "LEC01", "room": 5, "course": 6, "startTime": "10:00:00", "endTime": "13:00:00"}}, {"pk": 21, "model": "classes.courseschedule", "fields": {"dayOfWeek": "TU", "typeOfSession": "LEC01", "room": 15, "course": 7, "startTime": "13:00:00", "endTime": "15:00:00"}}, {"pk": 22, "model": "classes.courseschedule", "fields": {"dayOfWeek": "TU", "typeOfSession": "TUT0001", "room": 11, "course": 7, "startTime": "16:00:00", "endTime": "17:00:00"}}, {"pk": 23, "model": "classes.courseschedule", "fields": {"dayOfWeek": "TH", "typeOfSession": "LEC01", "room": 16, "course": 8, "startTime": "13:00:00", "endTime": "15:00:00"}}, {"pk": 24, "model": "classes.courseschedule", "fields": {"dayOfWeek": "TH", "typeOfSession": "TUT0001", "room": 4, "course": 8, "startTime": "15:00:00", "endTime": "16:00:00"}}, {"pk": 25, "model": "classes.courseschedule", "fields": {"dayOfWeek": "TH", "typeOfSession": "TUT0002", "room": 17, "course": 8, "startTime": "16:00:00", "endTime": "17:00:00"}}, {"pk": 26, "model": "classes.courseschedule", "fields": {"dayOfWeek": "TH", "typeOfSession": "TUT0003", "room": 4, "course": 8, "startTime": "17:00:00", "endTime": "18:00:00"}}, {"pk": 27, "model": "classes.courseschedule", "fields": {"dayOfWeek": "WE", "typeOfSession": "LEC01", "room": 18, "course": 9, "startTime": "13:00:00", "endTime": "15:00:00"}}, {"pk": 28, "model": "classes.courseschedule", "fields": {"dayOfWeek": "MO", "typeOfSession": "LEC01", "room": 19, "course": 10, "startTime": "15:00:00", "endTime": "17:00:00"}}, {"pk": 29, "model": "classes.courseschedule", "fields": {"dayOfWeek": "TU", "typeOfSession": "LEC30", "room": 20, "course": 10, "startTime": "18:00:00", "endTime": "20:00:00"}}, {"pk": 30, "model": "classes.courseschedule", "fields": {"dayOfWeek": "TH", "typeOfSession": "TUT0001", "room": 21, "course": 10, "startTime": "10:00:00", "endTime": "11:00:00"}}, {"pk": 31, "model": "classes.courseschedule", "fields": {"dayOfWeek": "TH", "typeOfSession": "TUT0002", "room": 21, "course": 10, "startTime": "11:00:00", "endTime": "12:00:00"}}, {"pk": 32, "model": "classes.courseschedule", "fields": {"dayOfWeek": "TH", "typeOfSession": "TUT0003", "room": 21, "course": 10, "startTime": "12:00:00", "endTime": "13:00:00"}}, {"pk": 33, "model": "classes.courseschedule", "fields": {"dayOfWeek": "TH", "typeOfSession": "TUT0004", "room": 21, "course": 10, "startTime": "13:00:00", "endTime": "14:00:00"}}, {"pk": 34, "model": "classes.courseschedule", "fields": {"dayOfWeek": "TH", "typeOfSession": "TUT0005", "room": 21, "course": 10, "startTime": "14:00:00", "endTime": "15:00:00"}}, {"pk": 35, "model": "classes.courseschedule", "fields": {"dayOfWeek": "TH", "typeOfSession": "TUT0006", "room": 21, "course": 10, "startTime": "15:00:00", "endTime": "16:00:00"}}, {"pk": 36, "model": "classes.courseschedule", "fields": {"dayOfWeek": "TH", "typeOfSession": "TUT0007", "room": 21, "course": 10, "startTime": "16:00:00", "endTime": "17:00:00"}}, {"pk": 37, "model": "classes.courseschedule", "fields": {"dayOfWeek": "TH", "typeOfSession": "TUT0008", "room": 21, "course": 10, "startTime": "17:00:00", "endTime": "18:00:00"}}, {"pk": 38, "model": "classes.courseschedule", "fields": {"dayOfWeek": "FR", "typeOfSession": "TUT0009", "room": 21, "course": 10, "startTime": "10:00:00", "endTime": "11:00:00"}}, {"pk": 39, "model": "classes.courseschedule", "fields": {"dayOfWeek": "FR", "typeOfSession": "TUT0010", "room": 21, "course": 10, "startTime": "11:00:00", "endTime": "12:00:00"}}, {"pk": 40, "model": "classes.courseschedule", "fields": {"dayOfWeek": "FR", "typeOfSession": "TUT0011", "room": 21, "course": 10, "startTime": "12:00:00", "endTime": "13:00:00"}}, {"pk": 41, "model": "classes.courseschedule", "fields": {"dayOfWeek": "FR", "typeOfSession": "TUT0012", "room": 21, "course": 10, "startTime": "13:00:00", "endTime": "14:00:00"}}, {"pk": 42, "model": "classes.courseschedule", "fields": {"dayOfWeek": "TH", "typeOfSession": "TUT0013", "room": 21, "course": 10, "startTime": "10:00:00", "endTime": "11:00:00"}}, {"pk": 43, "model": "classes.courseschedule", "fields": {"dayOfWeek": "TH", "typeOfSession": "TUT0014", "room": 21, "course": 10, "startTime": "11:00:00", "endTime": "12:00:00"}}, {"pk": 44, "model": "classes.courseschedule", "fields": {"dayOfWeek": "TH", "typeOfSession": "TUT0015", "room": 21, "course": 10, "startTime": "12:00:00", "endTime": "13:00:00"}}, {"pk": 45, "model": "classes.courseschedule", "fields": {"dayOfWeek": "TH", "typeOfSession": "TUT0016", "room": 21, "course": 10, "startTime": "13:00:00", "endTime": "14:00:00"}}, {"pk": 46, "model": "classes.courseschedule", "fields": {"dayOfWeek": "TH", "typeOfSession": "TUT0017", "room": 21, "course": 10, "startTime": "14:00:00", "endTime": "15:00:00"}}, {"pk": 47, "model": "classes.courseschedule", "fields": {"dayOfWeek": "TH", "typeOfSession": "TUT0018", "room": 21, "course": 10, "startTime": "15:00:00", "endTime": "16:00:00"}}, {"pk": 48, "model": "classes.courseschedule", "fields": {"dayOfWeek": "TH", "typeOfSession": "TUT0019", "room": 21, "course": 10, "startTime": "16:00:00", "endTime": "17:00:00"}}, {"pk": 49, "model": "classes.courseschedule", "fields": {"dayOfWeek": "TH", "typeOfSession": "TUT0020", "room": 21, "course": 10, "startTime": "17:00:00", "endTime": "18:00:00"}}, {"pk": 50, "model": "classes.courseschedule", "fields": {"dayOfWeek": "TU", "typeOfSession": "LEC01", "room": 14, "course": 11, "startTime": "10:00:00", "endTime": "12:00:00"}}, {"pk": 51, "model": "classes.courseschedule", "fields": {"dayOfWeek": "FR", "typeOfSession": "TUT0001", "room": 21, "course": 11, "startTime": "10:00:00", "endTime": "11:00:00"}}, {"pk": 52, "model": "classes.courseschedule", "fields": {"dayOfWeek": "FR", "typeOfSession": "TUT0002", "room": 21, "course": 11, "startTime": "11:00:00", "endTime": "12:00:00"}}, {"pk": 53, "model": "classes.courseschedule", "fields": {"dayOfWeek": "FR", "typeOfSession": "TUT0003", "room": 21, "course": 11, "startTime": "12:00:00", "endTime": "13:00:00"}}, {"pk": 54, "model": "classes.courseschedule", "fields": {"dayOfWeek": "FR", "typeOfSession": "TUT0004", "room": 21, "course": 11, "startTime": "13:00:00", "endTime": "14:00:00"}}, {"pk": 55, "model": "classes.courseschedule", "fields": {"dayOfWeek": "MO", "typeOfSession": "LEC01", "room": 22, "course": 12, "startTime": "10:00:00", "endTime": "12:00:00"}}, {"pk": 56, "model": "classes.courseschedule", "fields": {"dayOfWeek": "MO", "typeOfSession": "TUT0001", "room": 6, "course": 12, "startTime": "16:00:00", "endTime": "17:00:00"}}, {"pk": 57, "model": "classes.courseschedule", "fields": {"dayOfWeek": "MO", "typeOfSession": "TUT0002", "room": 23, "course": 12, "startTime": "13:00:00", "endTime": "14:00:00"}}, {"pk": 58, "model": "classes.courseschedule", "fields": {"dayOfWeek": "MO", "typeOfSession": "TUT0003", "room": 2, "course": 12, "startTime": "14:00:00", "endTime": "15:00:00"}}, {"pk": 59, "model": "classes.courseschedule", "fields": {"dayOfWeek": "MO", "typeOfSession": "TUT0004", "room": 24, "course": 12, "startTime": "12:00:00", "endTime": "13:00:00"}}, {"pk": 60, "model": "classes.courseschedule", "fields": {"dayOfWeek": "MO", "typeOfSession": "TUT0005", "room": 24, "course": 12, "startTime": "13:00:00", "endTime": "14:00:00"}}, {"pk": 61, "model": "classes.courseschedule", "fields": {"dayOfWeek": "MO", "typeOfSession": "TUT0006", "room": 19, "course": 12, "startTime": "14:00:00", "endTime": "15:00:00"}}, {"pk": 62, "model": "classes.courseschedule", "fields": {"dayOfWeek": "MO", "typeOfSession": "LEC01", "room": 19, "course": 13, "startTime": "10:00:00", "endTime": "12:00:00"}}, {"pk": 63, "model": "classes.courseschedule", "fields": {"dayOfWeek": "TU", "typeOfSession": "LEC02", "room": 1, "course": 13, "startTime": "12:00:00", "endTime": "14:00:00"}}, {"pk": 64, "model": "classes.courseschedule", "fields": {"dayOfWeek": "MO", "typeOfSession": "TUT0001", "room": 5, "course": 13, "startTime": "11:00:00", "endTime": "12:00:00"}}, {"pk": 65, "model": "classes.courseschedule", "fields": {"dayOfWeek": "MO", "typeOfSession": "TUT0002", "room": 7, "course": 13, "startTime": "13:00:00", "endTime": "14:00:00"}}, {"pk": 66, "model": "classes.courseschedule", "fields": {"dayOfWeek": "MO", "typeOfSession": "TUT0003", "room": 23, "course": 13, "startTime": "14:00:00", "endTime": "15:00:00"}}, {"pk": 67, "model": "classes.courseschedule", "fields": {"dayOfWeek": "MO", "typeOfSession": "TUT0004", "room": 23, "course": 13, "startTime": "15:00:00", "endTime": "16:00:00"}}, {"pk": 68, "model": "classes.courseschedule", "fields": {"dayOfWeek": "MO", "typeOfSession": "TUT0005", "room": 23, "course": 13, "startTime": "16:00:00", "endTime": "17:00:00"}}, {"pk": 69, "model": "classes.courseschedule", "fields": {"dayOfWeek": "WE", "typeOfSession": "TUT0006", "room": 25, "course": 13, "startTime": "09:00:00", "endTime": "10:00:00"}}, {"pk": 70, "model": "classes.courseschedule", "fields": {"dayOfWeek": "WE", "typeOfSession": "TUT0007", "room": 25, "course": 13, "startTime": "10:00:00", "endTime": "11:00:00"}}, {"pk": 71, "model": "classes.courseschedule", "fields": {"dayOfWeek": "TU", "typeOfSession": "TUT0008", "room": 26, "course": 13, "startTime": "16:00:00", "endTime": "17:00:00"}}, {"pk": 72, "model": "classes.courseschedule", "fields": {"dayOfWeek": "TU", "typeOfSession": "TUT0009", "room": 27, "course": 13, "startTime": "17:00:00", "endTime": "18:00:00"}}, {"pk": 73, "model": "classes.courseschedule", "fields": {"dayOfWeek": "TU", "typeOfSession": "TUT0010", "room": 27, "course": 13, "startTime": "18:00:00", "endTime": "19:00:00"}}, {"pk": 74, "model": "classes.courseschedule", "fields": {"dayOfWeek": "TH", "typeOfSession": "TUT0011", "room": 23, "course": 13, "startTime": "09:00:00", "endTime": "10:00:00"}}, {"pk": 75, "model": "classes.courseschedule", "fields": {"dayOfWeek": "TH", "typeOfSession": "TUT0012", "room": 23, "course": 13, "startTime": "10:00:00", "endTime": "11:00:00"}}, {"pk": 76, "model": "classes.courseschedule", "fields": {"dayOfWeek": "TH", "typeOfSession": "TUT0013", "room": 17, "course": 13, "startTime": "11:00:00", "endTime": "12:00:00"}}, {"pk": 77, "model": "classes.courseschedule", "fields": {"dayOfWeek": "TH", "typeOfSession": "TUT0014", "room": 8, "course": 13, "startTime": "12:00:00", "endTime": "13:00:00"}}, {"pk": 78, "model": "classes.courseschedule", "fields": {"dayOfWeek": "WE", "typeOfSession": "TUT0015", "room": 9, "course": 13, "startTime": "11:00:00", "endTime": "12:00:00"}}, {"pk": 79, "model": "classes.courseschedule", "fields": {"dayOfWeek": "TU", "typeOfSession": "LEC01", "room": 27, "course": 14, "startTime": "13:00:00", "endTime": "15:00:00"}}, {"pk": 80, "model": "classes.courseschedule", "fields": {"dayOfWeek": "MO", "typeOfSession": "LEC01", "room": 7, "course": 15, "startTime": "11:00:00", "endTime": "14:00:00"}}, {"pk": 81, "model": "classes.courseschedule", "fields": {"dayOfWeek": "TU", "typeOfSession": "LEC01", "room": 14, "course": 16, "startTime": "11:00:00", "endTime": "13:00:00"}}, {"pk": 82, "model": "classes.courseschedule", "fields": {"dayOfWeek": "TU", "typeOfSession": "TUT0001", "room": 21, "course": 16, "startTime": "10:00:00", "endTime": "11:00:00"}}, {"pk": 83, "model": "classes.courseschedule", "fields": {"dayOfWeek": "TU", "typeOfSession": "TUT0002", "room": 21, "course": 16, "startTime": "13:00:00", "endTime": "14:00:00"}}, {"pk": 84, "model": "classes.courseschedule", "fields": {"dayOfWeek": "TU", "typeOfSession": "TUT0003", "room": 21, "course": 16, "startTime": "14:00:00", "endTime": "15:00:00"}}, {"pk": 85, "model": "classes.courseschedule", "fields": {"dayOfWeek": "TU", "typeOfSession": "TUT0004", "room": 21, "course": 16, "startTime": "09:00:00", "endTime": "10:00:00"}}, {"pk": 86, "model": "classes.courseschedule", "fields": {"dayOfWeek": "MO", "typeOfSession": "LEC01", "room": 16, "course": 17, "startTime": "11:00:00", "endTime": "13:00:00"}}, {"pk": 87, "model": "classes.courseschedule", "fields": {"dayOfWeek": "MO", "typeOfSession": "TUT0001", "room": 17, "course": 17, "startTime": "14:00:00", "endTime": "15:00:00"}}, {"pk": 88, "model": "classes.courseschedule", "fields": {"dayOfWeek": "MO", "typeOfSession": "TUT0002", "room": 17, "course": 17, "startTime": "15:00:00", "endTime": "16:00:00"}}, {"pk": 89, "model": "classes.courseschedule", "fields": {"dayOfWeek": "MO", "typeOfSession": "TUT0003", "room": 17, "course": 17, "startTime": "16:00:00", "endTime": "17:00:00"}}, {"pk": 90, "model": "classes.courseschedule", "fields": {"dayOfWeek": "MO", "typeOfSession": "LEC01", "room": 28, "course": 18, "startTime": "13:00:00", "endTime": "15:00:00"}}, {"pk": 91, "model": "classes.courseschedule", "fields": {"dayOfWeek": "WE", "typeOfSession": "LEC01", "room": 22, "course": 19, "startTime": "15:00:00", "endTime": "17:00:00"}}, {"pk": 92, "model": "classes.courseschedule", "fields": {"dayOfWeek": "TH", "typeOfSession": "TUT0001", "room": 24, "course": 19, "startTime": "09:00:00", "endTime": "10:00:00"}}, {"pk": 93, "model": "classes.courseschedule", "fields": {"dayOfWeek": "TH", "typeOfSession": "TUT0002", "room": 24, "course": 19, "startTime": "10:00:00", "endTime": "11:00:00"}}, {"pk": 94, "model": "classes.courseschedule", "fields": {"dayOfWeek": "TH", "typeOfSession": "TUT0003", "room": 24, "course": 19, "startTime": "11:00:00", "endTime": "12:00:00"}}, {"pk": 95, "model": "classes.courseschedule", "fields": {"dayOfWeek": "TH", "typeOfSession": "TUT0004", "room": 8, "course": 19, "startTime": "13:00:00", "endTime": "14:00:00"}}, {"pk": 96, "model": "classes.courseschedule", "fields": {"dayOfWeek": "TH", "typeOfSession": "TUT0005", "room": 8, "course": 19, "startTime": "14:00:00", "endTime": "15:00:00"}}, {"pk": 97, "model": "classes.courseschedule", "fields": {"dayOfWeek": "TH", "typeOfSession": "TUT0006", "room": 28, "course": 19, "startTime": "15:00:00", "endTime": "16:00:00"}}, {"pk": 98, "model": "classes.courseschedule", "fields": {"dayOfWeek": "MO", "typeOfSession": "LEC01", "room": 1, "course": 20, "startTime": "15:00:00", "endTime": "17:00:00"}}, {"pk": 99, "model": "classes.courseschedule", "fields": {"dayOfWeek": "MO", "typeOfSession": "TUT0001", "room": 6, "course": 20, "startTime": "09:00:00", "endTime": "10:00:00"}}, {"pk": 100, "model": "classes.courseschedule", "fields": {"dayOfWeek": "MO", "typeOfSession": "TUT0002", "room": 6, "course": 20, "startTime": "10:00:00", "endTime": "11:00:00"}}, {"pk": 1, "model": "auth.permission", "fields": {"codename": "add_permission", "name": "Can add permission", "content_type": 1}}, {"pk": 2, "model": "auth.permission", "fields": {"codename": "change_permission", "name": "Can change permission", "content_type": 1}}, {"pk": 3, "model": "auth.permission", "fields": {"codename": "delete_permission", "name": "Can delete permission", "content_type": 1}}, {"pk": 4, "model": "auth.permission", "fields": {"codename": "add_group", "name": "Can add group", "content_type": 2}}, {"pk": 5, "model": "auth.permission", "fields": {"codename": "change_group", "name": "Can change group", "content_type": 2}}, {"pk": 6, "model": "auth.permission", "fields": {"codename": "delete_group", "name": "Can delete group", "content_type": 2}}, {"pk": 7, "model": "auth.permission", "fields": {"codename": "add_user", "name": "Can add user", "content_type": 3}}, {"pk": 8, "model": "auth.permission", "fields": {"codename": "change_user", "name": "Can change user", "content_type": 3}}, {"pk": 9, "model": "auth.permission", "fields": {"codename": "delete_user", "name": "Can delete user", "content_type": 3}}, {"pk": 10, "model": "auth.permission", "fields": {"codename": "add_contenttype", "name": "Can add content type", "content_type": 4}}, {"pk": 11, "model": "auth.permission", "fields": {"codename": "change_contenttype", "name": "Can change content type", "content_type": 4}}, {"pk": 12, "model": "auth.permission", "fields": {"codename": "delete_contenttype", "name": "Can delete content type", "content_type": 4}}, {"pk": 13, "model": "auth.permission", "fields": {"codename": "add_session", "name": "Can add session", "content_type": 5}}, {"pk": 14, "model": "auth.permission", "fields": {"codename": "change_session", "name": "Can change session", "content_type": 5}}, {"pk": 15, "model": "auth.permission", "fields": {"codename": "delete_session", "name": "Can delete session", "content_type": 5}}, {"pk": 16, "model": "auth.permission", "fields": {"codename": "add_site", "name": "Can add site", "content_type": 6}}, {"pk": 17, "model": "auth.permission", "fields": {"codename": "change_site", "name": "Can change site", "content_type": 6}}, {"pk": 18, "model": "auth.permission", "fields": {"codename": "delete_site", "name": "Can delete site", "content_type": 6}}, {"pk": 19, "model": "auth.permission", "fields": {"codename": "add_department", "name": "Can add department", "content_type": 7}}, {"pk": 20, "model": "auth.permission", "fields": {"codename": "change_department", "name": "Can change department", "content_type": 7}}, {"pk": 21, "model": "auth.permission", "fields": {"codename": "delete_department", "name": "Can delete department", "content_type": 7}}, {"pk": 22, "model": "auth.permission", "fields": {"codename": "add_course", "name": "Can add course", "content_type": 8}}, {"pk": 23, "model": "auth.permission", "fields": {"codename": "change_course", "name": "Can change course", "content_type": 8}}, {"pk": 24, "model": "auth.permission", "fields": {"codename": "delete_course", "name": "Can delete course", "content_type": 8}}, {"pk": 25, "model": "auth.permission", "fields": {"codename": "add_room", "name": "Can add room", "content_type": 9}}, {"pk": 26, "model": "auth.permission", "fields": {"codename": "change_room", "name": "Can change room", "content_type": 9}}, {"pk": 27, "model": "auth.permission", "fields": {"codename": "delete_room", "name": "Can delete room", "content_type": 9}}, {"pk": 28, "model": "auth.permission", "fields": {"codename": "add_user", "name": "Can add user", "content_type": 10}}, {"pk": 29, "model": "auth.permission", "fields": {"codename": "change_user", "name": "Can change user", "content_type": 10}}, {"pk": 30, "model": "auth.permission", "fields": {"codename": "delete_user", "name": "Can delete user", "content_type": 10}}, {"pk": 31, "model": "auth.permission", "fields": {"codename": "add_instructor", "name": "Can add instructor", "content_type": 11}}, {"pk": 32, "model": "auth.permission", "fields": {"codename": "change_instructor", "name": "Can change instructor", "content_type": 11}}, {"pk": 33, "model": "auth.permission", "fields": {"codename": "delete_instructor", "name": "Can delete instructor", "content_type": 11}}, {"pk": 34, "model": "auth.permission", "fields": {"codename": "add_chair", "name": "Can add chair", "content_type": 12}}, {"pk": 35, "model": "auth.permission", "fields": {"codename": "change_chair", "name": "Can change chair", "content_type": 12}}, {"pk": 36, "model": "auth.permission", "fields": {"codename": "delete_chair", "name": "Can delete chair", "content_type": 12}}, {"pk": 37, "model": "auth.permission", "fields": {"codename": "add_undergradadminassistant", "name": "Can add undergrad admin assistant", "content_type": 13}}, {"pk": 38, "model": "auth.permission", "fields": {"codename": "change_undergradadminassistant", "name": "Can change undergrad admin assistant", "content_type": 13}}, {"pk": 39, "model": "auth.permission", "fields": {"codename": "delete_undergradadminassistant", "name": "Can delete undergrad admin assistant", "content_type": 13}}, {"pk": 40, "model": "auth.permission", "fields": {"codename": "add_courseschedule", "name": "Can add course schedule", "content_type": 14}}, {"pk": 41, "model": "auth.permission", "fields": {"codename": "change_courseschedule", "name": "Can change course schedule", "content_type": 14}}, {"pk": 42, "model": "auth.permission", "fields": {"codename": "delete_courseschedule", "name": "Can delete course schedule", "content_type": 14}}]